name,value
Bemowo,0.524844356
Białołęka,0.757960495
Bielany,0.027423062
Mokotów,0.449711722
Ochota,0.060180283
Praga Południe,0.005585356
Praga Północ,0.708557035
Rembertów,0.420286566
Śródmieście,0.197395491
Targówek,0.179552359
Ursus,0.76588027
Ursynów,0.331326462
Wawer,0.260343636
Wesoła,0.615916986
Wilanów,0.932655877
Włochy,0.048635547
Wola,0.169172659
Żoliborz,0.562453884
